Model,Type,Accuracy,Precision,Recall,F1-Score
Naive Bayes,Baseline,0.9005,0.8994469129331764,0.9005,0.8990955356353889
Naive Bayes,GridSearchCV,0.9035,0.9027245963755313,0.9035,0.9021728246133245
Random Forest,Baseline,0.946,0.946284274412387,0.946,0.9460241714852852
Random Forest,GridSearchCV,0.942,0.9430232893651382,0.942,0.9419744583718607
KNN,Baseline,0.7285,0.737243626203113,0.7285,0.7295787776101821
KNN,GridSearchCV,0.7285,0.737243626203113,0.7285,0.7295787776101821
SVM,Baseline,0.94,0.9409085514235648,0.94,0.940309615098833
SVM,GridSearchCV,0.947,0.9484332221607642,0.947,0.9473652303163398
