Model,Test_Accuracy,Test_Precision,Test_Recall,Test_F1-Score,Val_Accuracy,Val_Precision,Val_Recall,Val_F1-Score
MLPClassifier_TF-IDF,0.9495,0.9500502936748338,0.9495,0.9496777404581638,0.9535,0.9552119460704472,0.9535,0.9539028366235529
MLPBatchNormClassifier_TF-IDF,0.9565,0.9581084985654011,0.9565,0.9568666504367741,0.9585,0.9634225595812655,0.9585,0.9589832925345605
LSTMClassifier,0.9625,0.9634402646312703,0.9625,0.9627268217950382,97.0,0.9658044234769207,0.9645,0.9648917160490542
CNNClassifier,0.9665,0.9682581261684595,0.9665,0.9668351635559013,97.3,0.9699875837032907,0.9665,0.9671535219591986
