Model,Test_Accuracy,Test_Precision,Test_Recall,Test_F1-Score,Val_Accuracy,Val_Precision,Val_Recall,Val_F1-Score
MLPClassifier_TF-IDF,0.9495,0.9500502936748338,0.9495,0.9496777404581638,0.9535,0.9552119460704472,0.9535,0.9539028366235529
MLPBatchNormClassifier_TF-IDF,0.9565,0.9581084985654011,0.9565,0.9568666504367741,0.9585,0.9634225595812655,0.9585,0.9589832925345605
LSTMClassifier,0.9645,0.9639895307444761,0.9645,0.964046612328093,0.9670000000000001,0.9629388418767094,0.962,0.9620481459469202
CNNClassifier,0.969,0.9717370084643328,0.969,0.9694903196790582,0.97,0.9695148957576295,0.967,0.9674280184325805
TransformerClassifier,0.968,0.9728093457494503,0.968,0.9681272803195929,0.963,0.9708760989623328,0.9635,0.9640995212631883
